データ日付,NK 終値,NKVI 終値
20140106,15908.88,24.67
20140107,15814.37,23.38
20140108,16121.45,22.17
20140109,15880.33,21.96
20140110,15912.06,21.41
20140114,15422.4,24.7
20140115,15808.73,24.95
20140116,15747.2,24.4
20140117,15734.46,23.11
20140120,15641.68,22.76
20140121,15795.96,22.11
20140122,15820.96,21.43
20140123,15695.89,21.4
20140124,15391.56,22.67
20140127,15005.73,27.34
20140128,14980.16,26.99
20140129,15383.91,26.19
20140130,15007.06,28.26
20140131,14914.53,29.11
20140203,14619.13,30.25
20140204,14008.47,33.21
20140205,14180.38,32.37
20140206,14155.12,30.75
20140207,14462.41,29.98
20140210,14718.34,27.76
20140212,14800.06,26.94
20140213,14534.74,28.09
20140214,14313.03,28.69
20140217,14393.11,28.56
20140218,14843.24,27.67
20140219,14766.53,28.03
20140220,14449.18,28.94
20140221,14865.67,28
20140224,14837.68,27.88
20140225,15051.6,27.17
20140226,14970.97,26.28
20140227,14923.11,25.93
20140228,14841.07,25.93
20140303,14652.23,27.75
20140304,14721.48,27.32
20140305,14897.63,26.8
20140306,15134.75,26.95
20140307,15274.07,26.79
20140310,15120.14,27.68
20140311,15224.11,25.99
20140312,14830.39,26.38
20140313,14815.98,26.25
20140314,14327.66,29.7
20140317,14277.67,28.35
20140318,14411.27,26.82
20140319,14462.52,26.08
20140320,14224.23,26.65
20140324,14475.3,25.72
20140325,14423.19,25.51
20140326,14477.16,24.22
20140327,14622.89,24.04
20140328,14696.03,23.71
20140331,14827.83,24.2
20140401,14791.99,24.24
20140402,14946.32,24.66
20140403,15071.88,24.34
20140404,15063.77,23.99
20140407,14808.85,23.94
20140408,14606.88,23.4
20140409,14299.69,23.4
20140410,14300.12,23.57
20140411,13960.05,25.03
20140414,13910.16,24.83
20140415,13996.81,23.39
20140416,14417.68,23.93
20140417,14417.53,23.29
20140418,14516.27,22.5
20140421,14512.38,23.03
20140422,14388.77,23.29
20140423,14546.27,22.26
20140424,14404.99,22.36
20140425,14429.26,21.96
20140428,14288.23,22.89
20140430,14304.11,22.51
20140501,14485.13,20.97
20140502,14457.51,20.49
20140507,14033.45,22.47
20140508,14163.78,22.19
20140509,14199.59,21.47
20140512,14149.52,20.43
20140513,14425.44,20.24
20140514,14405.76,19.99
20140515,14298.21,19.87
20140516,14096.59,21.02
20140519,14006.44,21.92
20140520,14075.25,22.02
20140521,14042.17,20.66
20140522,14337.79,20.51
20140523,14462.17,20.97
20140526,14602.52,21.4
20140527,14636.52,21.06
20140528,14670.95,20.5
20140529,14681.72,20.08
20140530,14632.38,19.75
20140602,14935.92,20.99
20140603,15034.25,21.29
20140604,15067.96,20.85
20140605,15079.37,20.66
20140606,15077.24,20.16
20140609,15124,19.44
20140610,14994.8,19.86
20140611,15069.48,18.89
20140612,14973.53,19.41
20140613,15097.84,19.66
20140616,14933.29,19.5
20140617,14975.97,18.51
20140618,15115.8,18.65
20140619,15361.16,17.71
20140620,15349.42,17.44
20140623,15369.28,18.12
20140624,15376.24,18.1
20140625,15266.61,17.22
20140626,15308.49,16.31
20140627,15095,17.33
20140630,15162.1,17.34
20140701,15326.2,16.84
20140702,15369.97,16.65
20140703,15348.29,16.42
20140704,15437.13,15.6
20140707,15379.44,15.32
20140708,15314.41,15.05
20140709,15302.65,15.2
20140710,15216.47,15.29
20140711,15164.04,16.3
20140714,15296.82,15.34
20140715,15395.16,15.42
20140716,15379.3,15.06
20140717,15370.26,14
20140718,15215.71,15.38
20140722,15343.28,15.2
20140723,15328.56,15.34
20140724,15284.42,14.82
20140725,15457.87,14.78
20140728,15529.4,16.02
20140729,15618.07,16.28
20140730,15646.23,16.23
20140731,15620.77,16.02
20140801,15523.11,16.79
20140804,15474.5,16.12
20140805,15320.31,15.28
20140806,15159.79,16.71
20140807,15232.37,16.95
20140808,14778.37,23.25
20140811,15130.52,20.67
20140812,15161.31,18.63
20140813,15213.63,18.41
20140814,15314.57,18.06
20140815,15318.34,18
20140818,15322.6,18.05
20140819,15449.79,17.6
20140820,15454.45,17.7
20140821,15586.2,18.04
20140822,15539.19,17.69
20140825,15613.25,17.38
20140826,15521.22,17.13
20140827,15534.82,16.41
20140828,15459.86,15.56
20140829,15424.59,15.94
20140901,15476.6,16.31
20140902,15668.6,16.75
20140903,15728.35,18.12
20140904,15676.18,17.05
20140905,15668.68,17.66
20140908,15705.11,16.96
20140909,15749.15,17.16
20140910,15788.78,17.57
20140911,15909.2,18.75
20140912,15948.29,18
20140916,15911.53,17.35
20140917,15888.67,17.31
20140918,16067.57,17.1
20140919,16321.17,16.69
20140922,16205.9,17.03
20140924,16167.45,17.11
20140925,16374.14,16.6
20140926,16229.86,16.66
20140929,16310.64,16.8
20140930,16173.52,17.55
20141001,16082.25,17.53
20141002,15661.99,19.61
20141003,15708.65,19.38
20141006,15890.95,17.97
20141007,15783.83,18.15
20141008,15595.98,19.28
20141009,15478.93,20
20141010,15300.55,21.17
20141014,14936.51,24.76
20141015,15073.52,23.26
20141016,14738.38,27.16
20141017,14532.51,29.79
20141020,15111.23,25.72
20141021,14804.28,26.53
20141022,15195.77,24.24
20141023,15138.96,24.24
20141024,15291.64,24.47
20141027,15388.72,24.32
20141028,15329.91,22.99
20141029,15553.91,22.17
20141030,15658.2,20.99
20141031,16413.76,25.22
20141104,16862.47,30.49
20141105,16937.32,27.45
20141106,16792.48,27.74
20141107,16880.38,25.98
20141110,16780.53,25.03
20141111,17124.11,24.88
20141112,17197.05,27.59
20141113,17392.79,28.15
20141114,17490.83,27.64
20141117,16973.8,30.01
20141118,17344.06,29.05
20141119,17288.75,26.87
20141120,17300.86,24.79
20141121,17357.51,24.68
20141125,17407.62,24.06
20141126,17383.58,23.42
20141127,17248.5,23.62
20141128,17459.85,23.8
20141201,17590.1,24.59
20141202,17663.22,24.4
20141203,17720.43,25.82
20141204,17887.21,26.09
20141205,17920.45,25.54
20141208,17935.64,25.16
20141209,17813.38,26.25
20141210,17412.58,30.04
20141211,17257.4,28.62
20141212,17371.58,28.77
20141215,17099.4,26.59
20141216,16755.32,26.62
20141217,16819.73,26.11
20141218,17210.05,24.72
20141219,17621.4,24.24
20141222,17635.14,24.26
20141224,17854.23,24.3
20141225,17808.75,23.97
20141226,17818.96,23.87
20141229,17729.84,25.61
20141230,17450.77,26.36
20150105,17408.71,25.15
20150106,16883.19,26.58
20150107,16885.33,25.95
20150108,17167.1,24.99
20150109,17197.73,23.89
20150113,17087.71,24.48
20150114,16795.96,25.26
20150115,17108.7,23.64
20150116,16864.16,25.63
20150119,17014.29,25.22
20150120,17366.3,24.79
20150121,17280.48,24.76
20150122,17329.02,24.21
20150123,17511.75,22.19
20150126,17468.52,22.16
20150127,17768.3,21.03
20150128,17795.73,20.72
20150129,17606.22,21.65
20150130,17674.39,21.67
20150202,17558.04,23.04
20150203,17335.85,23.8
20150204,17678.74,22.34
20150205,17504.62,22.82
20150206,17648.5,22.42
20150209,17711.93,22.49
20150210,17652.68,22.64
20150212,17979.72,22.24
20150213,17913.36,20.65
20150216,18004.77,21.72
20150217,17987.09,21.31
20150218,18199.17,20.56
20150219,18264.79,21.04
20150220,18332.3,21.96
20150223,18466.92,21.84
20150224,18603.48,20.04
20150225,18585.2,18.97
20150226,18785.79,19.55
20150227,18797.94,20.55
20150302,18826.88,20.63
20150303,18815.16,20.33
20150304,18703.6,20.63
20150305,18751.84,20.02
20150306,18971,19.52
20150309,18790.55,19.68
20150310,18665.11,20.66
20150311,18723.52,20.85
20150312,18991.11,20.1
20150313,19254.25,20.36
20150316,19246.06,20.71
20150317,19437,20.34
20150318,19544.48,20.91
20150319,19476.56,20.5
20150320,19560.22,19.41
20150323,19754.36,19.53
20150324,19713.45,19.94
20150325,19746.2,19.35
20150326,19471.12,21.27
20150327,19285.63,22.75
20150330,19411.4,21.55
20150331,19206.99,22.71
20150401,19034.84,22.6
20150402,19312.79,21.04
20150403,19435.08,20.26
20150406,19397.98,20.49
20150407,19640.54,19.98
20150408,19789.81,19.53
20150409,19937.72,19.3
20150410,19907.63,20.03
20150413,19905.46,20.38
20150414,19908.68,20.38
20150415,19869.76,19.8
20150416,19885.77,19.23
20150417,19652.88,19.7
20150420,19634.49,21.01
20150421,19909.09,20.38
20150422,20133.9,21.5
20150423,20187.65,21.45
20150424,20020.04,21.02
20150427,19983.32,21.75
20150428,20058.95,20.71
20150430,19520.01,21.2
20150501,19531.63,19.97
20150507,19291.99,21.8
20150508,19379.19,20.6
20150511,19620.91,19.34
20150512,19624.84,19.13
20150513,19764.72,18.37
20150514,19570.24,18.34
20150515,19732.92,17.71
20150518,19890.27,18.44
20150519,20026.38,18.44
20150520,20196.56,18.55
20150521,20202.87,18.75
20150522,20264.41,17.42
20150525,20413.77,17.5
20150526,20437.48,17.37
20150527,20472.58,17.69
20150528,20551.46,18.02
20150529,20563.15,18.47
20150601,20569.87,18.56
20150602,20543.19,18.16
20150603,20473.51,18.55
20150604,20488.19,18.39
20150605,20460.9,18.52
20150608,20457.19,17.79
20150609,20096.3,19.42
20150610,20046.36,19.64
20150611,20382.97,17.37
20150612,20407.08,17.52
20150615,20387.79,18.13
20150616,20257.94,18.29
20150617,20219.27,18.69
20150618,19990.82,18.86
20150619,20174.24,17.71
20150622,20428.19,17.57
20150623,20809.42,16.84
20150624,20868.03,17.72
20150625,20771.4,17.96
20150626,20706.15,18.48
20150629,20109.95,23.75
20150630,20235.73,21.41
20150701,20329.32,20.41
20150702,20522.5,19.4
20150703,20539.79,20.92
20150706,20112.12,21.16
20150707,20376.59,18.74
20150708,19737.64,24.3
20150709,19855.5,23.35
20150710,19779.83,24.62
20150713,20089.77,22.12
20150714,20385.33,19.2
20150715,20463.33,17.96
20150716,20600.12,16.6
20150717,20650.92,16.69
20150721,20841.97,16.33
20150722,20593.67,17.45
20150723,20683.95,17.24
20150724,20544.53,18.49
20150727,20350.1,19.56
20150728,20328.89,19.85
20150729,20302.91,19.01
20150730,20522.83,18.09
20150731,20585.24,17.57
20150803,20548.11,17.74
20150804,20520.36,17.45
20150805,20614.06,17.34
20150806,20664.44,17.74
20150807,20724.56,17.78
20150810,20808.69,17.73
20150811,20720.75,17.91
20150812,20392.77,20.28
20150813,20595.55,18.91
20150814,20519.45,17
20150817,20620.26,16.82
20150818,20554.47,17.27
20150819,20222.63,19.06
20150820,20033.52,20.27
20150821,19435.83,24.15
20150824,18540.68,35.66
20150825,17806.7,47.01
20150826,18376.83,35.89
20150827,18574.44,36.08
20150828,19136.32,29.67
20150831,18890.48,33.21
20150901,18165.69,39.16
20150902,18095.4,37.08
20150903,18182.39,35.65
20150904,17792.16,39.19
20150907,17860.47,35.25
20150908,17427.08,35.94
20150909,18770.51,32.88
20150910,18299.62,36.01
20150911,18264.22,31.7
20150914,17965.7,33.36
20150915,18026.48,31.92
20150916,18171.6,30.63
20150917,18432.27,29.17
20150918,18070.21,28.84
20150924,17571.83,30.36
20150925,17880.51,28.82
20150928,17645.11,30.42
20150929,16930.84,33.81
20150930,17388.15,32.19
20151001,17722.42,32.89
20151002,17725.13,33.81
20151005,18005.49,32.27
20151006,18186.1,32.31
20151007,18322.98,28.9
20151008,18141.17,26.93
20151009,18438.67,25.63
20151013,18234.74,25.71
20151014,17891,27.47
20151015,18096.9,26.87
20151016,18291.8,26.79
20151019,18131.23,27.84
20151020,18207.15,26.09
20151021,18554.28,25.54
20151022,18435.87,26.2
20151023,18825.3,26.66
20151026,18947.12,27.68
20151027,18777.04,28.83
20151028,18903.02,27.64
20151029,18935.71,26.58
20151030,19083.1,23.44
20151102,18683.24,23.98
20151104,18926.91,23.61
20151105,19116.41,22.77
20151106,19265.6,22.26
20151109,19642.74,21.48
20151110,19671.26,21.17
20151111,19691.39,21.11
20151112,19697.77,20.4
20151113,19596.91,20.76
20151116,19393.69,23.83
20151117,19630.63,21.95
20151118,19649.18,22.78
20151119,19859.81,21.24
20151120,19879.81,20.46
20151124,19924.89,20.16
20151125,19847.58,20.73
20151126,19944.41,20.38
20151127,19883.94,20.83
20151130,19747.47,21.65
20151201,20012.4,20.31
20151202,19938.13,20.23
20151203,19939.9,20.13
20151204,19504.48,22
20151207,19698.15,19.75
20151208,19492.6,21.06
20151209,19301.07,21.91
20151210,19046.55,22.71
20151211,19230.48,21.05
20151214,18883.42,23.89
20151215,18565.9,26.58
20151216,19049.91,24.57
20151217,19353.56,21.38
20151218,18986.8,23.05
20151221,18916.02,22.71
20151222,18886.7,20.48
20151224,18789.69,20.68
20151225,18769.06,20.84
20151228,18873.35,20.26
20151229,18982.23,19.18
20151230,19033.71,19.47
20160104,18450.98,23.34
20160105,18374,23.33
20160106,18191.32,24.71
20160107,17767.34,27.88
20160108,17697.96,28.35
20160112,17218.96,31.97
20160113,17715.63,27.94
20160114,17240.95,31.76
20160115,17147.11,33.05
20160118,16955.57,37.03
20160119,17048.37,32.95
20160120,16416.19,38.22
20160121,16017.26,42.78
20160122,16958.53,41.14
20160125,17110.91,36.03
20160126,16708.9,38.05
20160127,17163.92,38.11
20160128,17041.45,38.07
20160129,17518.3,31.72
20160201,17865.23,28.93
20160202,17750.68,27.69
20160203,17191.25,32.97
20160204,17044.99,33.67
20160205,16819.59,36.87
20160208,17004.3,32.76
20160209,16085.44,42.47
20160210,15713.39,44.15
20160212,14952.61,49.84
20160215,16022.58,40.82
20160216,16054.43,38.85
20160217,15836.36,40.16
20160218,16196.8,36.26
20160219,15967.17,36.96
20160222,16111.05,34.66
20160223,16052.05,34.55
20160224,15915.79,36.19
20160225,16140.34,34.26
20160226,16188.41,34.09
20160229,16026.76,34.84
20160301,16085.51,33.78
20160302,16746.55,31.32
20160303,16960.16,29.67
20160304,17014.78,29.05
20160307,16911.32,27.76
20160308,16783.15,29.31
20160309,16642.2,31.2
20160310,16852.35,30.93
20160311,16938.87,28.95
20160314,17233.75,27.69
20160315,17117.07,25.44
20160316,16974.45,24.47
20160317,16936.38,23.77
20160318,16724.81,25.35
20160322,17048.55,22.64
20160323,17000.98,22.61
20160324,16892.33,23.6
20160325,17002.75,23.06
20160328,17134.37,23.78
20160329,17103.53,23.77
20160330,16878.96,23.48
20160331,16758.67,22.71
20160401,16164.16,26.96
20160404,16123.27,25.63
20160405,15732.82,28.07
20160406,15715.36,28.16
20160407,15749.84,28.31
20160408,15821.52,27.54
20160411,15751.13,27.45
20160412,15928.79,26.02
20160413,16381.22,25.25
20160414,16911.05,26.11
20160415,16848.03,26.66
20160418,16275.95,31
20160419,16874.44,28.61
20160420,16906.54,30.18
20160421,17363.62,30.15
20160422,17572.49,29.09
20160425,17439.3,29.99
20160426,17353.28,30.59
20160427,17290.49,29.23
20160428,16666.05,27.55
20160502,16147.38,31.07
20160506,16106.72,29.65
20160509,16216.03,27.33
20160510,16565.19,26.49
20160511,16579.01,27.33
20160512,16646.34,25.99
20160513,16412.21,27.3
20160516,16466.4,27.54
20160517,16652.8,26.69
20160518,16644.69,26.91
20160519,16646.66,26.73
20160520,16736.35,26.18
20160523,16654.6,26.48
20160524,16498.76,25.95
20160525,16757.35,26.17
20160526,16772.46,26.19
20160527,16834.84,25.75
20160530,17068.02,26.11
20160531,17234.98,25.81
20160601,16955.73,26.79
20160602,16562.55,27.51
20160603,16642.23,26.86
20160606,16580.03,27.51
20160607,16675.45,26.41
20160608,16830.92,26.23
20160609,16668.41,26.66
20160610,16601.36,25.96
20160613,16019.18,32.38
20160614,15859,32.78
20160615,15919.58,33.8
20160616,15434.14,35.56
20160617,15599.66,34.51
20160620,15965.3,32.77
20160621,16169.11,32.01
20160622,16065.72,34.5
20160623,16238.35,34.73
20160624,14952.02,40.71
20160627,15309.21,35.77
20160628,15323.14,33.36
20160629,15566.83,29.44
20160630,15575.92,29.67
20160701,15682.48,27.62
20160704,15775.8,26.96
20160705,15669.33,27.72
20160706,15378.99,30.57
20160707,15276.24,30.16
20160708,15106.98,30.69
20160711,15708.82,29.5
20160712,16095.65,29.62
20160713,16231.43,29.76
20160714,16385.89,28.31
20160715,16497.85,28.79
20160719,16723.31,29.15
20160720,16681.89,28.56
20160721,16810.22,30.05
20160722,16627.25,29.15
20160725,16620.29,29.14
20160726,16383.04,29.66
20160727,16664.82,29.72
20160728,16476.84,30.26
20160729,16569.27,26.6
20160801,16635.77,24.63
20160802,16391.45,23.82
20160803,16083.11,24.78
20160804,16254.89,23.58
20160805,16254.45,21.51
20160808,16650.57,19.89
20160809,16764.97,19.56
20160810,16735.12,19.51
20160812,16919.92,19.01
20160815,16869.56,19.85
20160816,16596.51,20.89
20160817,16745.64,20.44
20160818,16486.01,22.22
20160819,16545.82,22.02
20160822,16598.19,22.01
20160823,16497.36,22.33
20160824,16597.3,22.59
20160825,16555.95,22.99
20160826,16360.71,23.78
20160829,16737.49,23.53
20160830,16725.36,22.92
20160831,16887.4,22.7
20160901,16926.84,23.44
20160902,16925.68,24.01
20160905,17037.63,22.89
20160906,17081.98,22.77
20160907,17012.44,22.16
20160908,16958.77,21.79
20160909,16965.76,20.46
20160912,16672.92,24.07
20160913,16729.04,22.48
20160914,16614.24,23.02
20160915,16405.01,24.48
20160916,16519.29,23.84
20160920,16492.15,24.41
20160921,16807.62,21.27
20160923,16754.02,19.47
20160926,16544.56,20.68
20160927,16683.93,20.43
20160928,16465.4,20.63
20160929,16693.71,19.77
20160930,16449.84,22.14
20161003,16598.67,20.84
20161004,16735.65,20.02
20161005,16819.24,20.47
20161006,16899.1,20.58
20161007,16860.09,20.24
20161011,17024.76,20.15
20161012,16840,20.52
20161013,16774.24,21.25
20161014,16856.37,20.01
20161017,16900.12,19.9
20161018,16963.61,19.27
20161019,16998.91,19.17
20161020,17235.5,18.46
20161021,17184.59,18.48
20161024,17234.42,18.79
20161025,17365.25,18.2
20161026,17391.84,18.2
20161027,17336.42,18.51
20161028,17446.41,18.16
20161031,17425.02,19.12
20161101,17442.4,19.58
20161102,17134.68,22.59
20161104,16905.36,25.54
20161107,17177.21,23.67
20161108,17171.38,22.67
20161109,16251.54,27.65
20161110,17344.42,21.44
20161111,17374.79,21.55
20161114,17672.62,21.72
20161115,17668.15,20.98
20161116,17862.21,20.58
20161117,17862.63,19.63
20161118,17967.41,19.51
20161121,18106.02,19.41
20161122,18162.94,19.38
20161124,18333.41,19.46
20161125,18381.22,19.97
20161128,18356.89,20.14
20161129,18307.04,19.93
20161130,18308.48,19.36
20161201,18513.12,20.26
20161202,18426.08,20.86
20161205,18274.99,19.28
20161206,18360.54,18.36
20161207,18496.69,17.28
20161208,18765.47,18.2
20161209,18996.37,18.65
20161212,19155.03,19.15
20161213,19250.52,18.47
20161214,19253.61,18.55
20161215,19273.79,18.08
20161216,19401.15,18.47
20161219,19391.6,18.92
20161220,19494.53,17.75
20161221,19444.49,17.78
20161222,19427.67,17.59
20161226,19396.64,17.94
20161227,19403.06,18.28
20161228,19401.72,18.07
20161229,19145.14,20.31
20161230,19114.37,21.17
20170104,19594.16,20.83
20170105,19520.69,20.29
20170106,19454.33,19.96
20170110,19301.44,20.53
20170111,19364.67,20.1
20170112,19134.7,19.93
20170113,19287.28,18.01
20170116,19095.24,19.06
20170117,18813.53,20.78
20170118,18894.37,20.7
20170119,19072.25,20.23
20170120,19137.91,19.94
20170123,18891.03,20.61
20170124,18787.99,20.16
20170125,19057.5,18.81
20170126,19402.39,18.78
20170127,19467.4,18.34
20170130,19368.85,18.92
20170131,19041.34,20.75
20170201,19148.08,19.56
20170202,18914.58,20.54
20170203,18918.2,20.68
20170206,18976.71,19.99
20170207,18910.78,19.36
20170208,19007.6,18.13
20170209,18907.67,17.89
20170210,19378.93,18.53
20170213,19459.15,17.77
20170214,19238.98,17.66
20170215,19437.98,17.35
20170216,19347.53,17.4
20170217,19234.62,17.37
20170220,19251.08,17.57
20170221,19381.44,17.08
20170222,19379.87,16.98
20170223,19371.46,17.15
20170224,19283.54,17.27
20170227,19107.47,18.34
20170228,19118.99,18.67
20170301,19393.54,17.81
20170302,19564.8,17.55
20170303,19469.17,17.62
20170306,19379.14,15.12
20170307,19344.15,14.65
20170308,19254.03,14.89
20170309,19318.58,14.69
20170310,19604.61,14.74
20170313,19633.75,14.98
20170314,19609.5,15.46
20170315,19577.38,15.95
20170316,19590.14,14.58
20170317,19521.59,14.62
20170321,19455.88,15.59
20170322,19041.38,18.65
20170323,19085.31,18.3
20170324,19262.53,17.87
20170327,18985.59,19.75
20170328,19202.87,17.92
20170329,19217.48,16.89
20170330,19063.22,17.6
20170331,18909.26,18.55
20170403,18983.23,17.2
20170404,18810.25,18.25
20170405,18861.27,18.18
20170406,18597.06,19.87
20170407,18664.63,20.25
20170410,18797.88,20.1
20170411,18747.87,21.19
20170412,18552.61,22.39
20170413,18426.84,22.75
20170414,18335.63,23.03
20170417,18355.26,22.18
20170418,18418.59,20.9
20170419,18432.2,20.49
20170420,18430.49,20.91
20170421,18620.75,20.22
20170424,18875.88,16.79
20170425,19079.33,15.57
20170426,19289.43,15.04
20170427,19251.87,14.69
20170428,19196.74,14.81
20170501,19310.52,15.05
20170502,19445.7,15.27
20170508,19895.7,15.14
20170509,19843,14.81
20170510,19900.09,14.38
20170511,19961.55,14.35
20170512,19883.9,14.55
20170515,19869.85,14.5
20170516,19919.82,14.92
20170517,19814.88,16.16
20170518,19553.86,17.4
20170519,19590.76,17.14
20170522,19678.28,16.39
20170523,19613.28,16.07
20170524,19742.98,15.21
20170525,19813.13,14.8
20170526,19686.84,14.75
20170529,19682.57,14.74
20170530,19677.85,14.1
20170531,19650.57,13.9
20170601,19860.03,13.68
20170602,20177.28,15.05
20170605,20170.82,14.31
20170606,19979.9,14.51
20170607,19984.62,14.35
20170608,19909.26,14.02
20170609,20013.26,13.28
20170612,19908.58,13.9
20170613,19898.75,13.83
20170614,19883.52,14.01
20170615,19831.82,14.03
20170616,19943.26,13.36
20170619,20067.75,13.29
20170620,20230.41,13.52
20170621,20138.79,13.95
20170622,20110.51,14.05
20170623,20132.67,13.72
20170626,20153.35,13.73
20170627,20225.09,13.7
20170628,20130.41,14.06
20170629,20220.3,13.6
20170630,20033.43,15.75
20170703,20055.8,14.95
20170704,20032.35,16.02
20170705,20081.63,15.49
20170706,19994.06,16.27
20170707,19929.09,16.18
20170710,20080.98,14.42
20170711,20195.48,13.3
20170712,20098.38,13.84
20170713,20099.81,13.33
20170714,20118.86,12.75
20170718,19999.91,13.47
20170719,20020.86,12.61
20170720,20144.59,12.42
20170721,20099.75,12.24
20170724,19975.67,13.26
20170725,19955.2,12.62
20170726,20050.16,12.23
20170727,20079.64,12.48
20170728,19959.84,14.03
20170731,19925.18,13.88
20170801,19985.79,13.35
20170802,20080.04,12.19
20170803,20029.26,12.56
20170804,19952.33,12.73
20170807,20055.89,12.51
20170808,19996.01,12.88
20170809,19738.71,16.06
20170810,19729.74,16.26
20170814,19537.1,18.59
20170815,19753.31,15.88
20170816,19729.28,15.35
20170817,19702.63,14.98
20170818,19470.41,17.32
20170821,19393.13,17.4
20170822,19383.84,16.3
20170823,19434.64,15.47
20170824,19353.77,15.74
20170825,19452.61,15.2
20170828,19449.9,14.52
20170829,19362.55,15.41
20170830,19506.54,14.77
20170831,19646.24,15.14
20170901,19691.47,15.17
20170904,19508.25,16.55
20170905,19385.81,17.09
20170906,19357.97,17.53
20170907,19396.52,17.21
20170908,19274.82,19.22
20170911,19545.77,15.31
20170912,19776.62,13.67
20170913,19865.82,13.56
20170914,19807.44,13.88
20170915,19909.5,14.09
20170919,20299.38,14.15
20170920,20310.46,14.08
20170921,20347.48,13.55
20170922,20296.45,13.66
20170925,20397.58,14.02
20170926,20330.19,14.98
20170927,20267.05,14.12
20170928,20363.11,14.56
20170929,20356.28,15.5
20171002,20400.78,15.47
20171003,20614.07,15
20171004,20626.66,15.67
20171005,20628.56,15.01
20171006,20690.71,14.82
20171010,20823.51,15.05
20171011,20881.27,15.36
20171012,20954.72,15.34
20171013,21155.18,16.36
20171016,21255.56,16.75
20171017,21336.12,15.82
20171018,21363.05,15.04
20171019,21448.52,15.18
20171020,21457.64,16.05
20171023,21696.65,14.67
20171024,21805.17,14.88
20171025,21707.62,15.7
20171026,21739.78,15.28
20171027,22008.45,15.01
20171030,22011.67,15.27
20171031,22011.61,15.11
20171101,22420.08,16.34
20171102,22539.12,17.17
20171106,22548.35,16.45
20171107,22937.6,16.51
20171108,22913.82,17.25
20171109,22868.71,21.25
20171110,22681.42,19.97
20171113,22380.99,19.55
20171114,22380.01,18.58
20171115,22028.32,19.74
20171116,22351.12,19.2
20171117,22396.8,20.06
20171120,22261.76,19.44
20171121,22416.48,18.26
20171122,22523.15,18.14
20171124,22550.85,17.77
20171127,22495.99,17.72
20171128,22486.24,17.89
20171129,22597.2,17.45
20171130,22724.96,17.09
20171201,22819.03,17.22
20171204,22707.16,17.46
20171205,22622.38,16.79
20171206,22177.04,17.84
20171207,22498.03,16.18
20171208,22811.08,15.58
20171211,22938.73,15.29
20171212,22866.17,14.75
20171213,22758.07,14.74
20171214,22694.45,14.4
20171215,22553.22,14.55
20171218,22901.77,14.61
20171219,22868,14.42
20171220,22891.72,14.39
20171221,22866.1,13.83
20171222,22902.76,13.49
20171225,22939.18,14.18
20171226,22892.69,14.7
20171227,22911.21,15.19
20171228,22783.98,15.64
20171229,22764.94,16.03
20180104,23506.33,15.52
20180105,23714.53,15.63
20180109,23849.99,16.81
20180110,23788.2,16.17
20180111,23710.43,15.72
20180112,23653.82,14.91
20180115,23714.88,14.91
20180116,23951.81,14.74
20180117,23868.34,15.48
20180118,23763.37,16.12
20180119,23808.06,15.85
20180122,23816.33,16.33
20180123,24124.15,16.16
20180124,23940.78,16.33
20180125,23669.49,16.78
20180126,23631.88,16.66
20180129,23629.34,16.53
20180130,23291.97,17.65
20180131,23098.29,17.97
20180201,23486.11,17.2
20180202,23274.53,17.55
20180205,22682.08,20.45
20180206,21610.24,31.02
20180207,21645.37,30.97
20180208,21890.86,28.07
20180209,21382.62,36.05
20180213,21244.68,33.75
20180214,21154.17,30.02
20180215,21464.98,25.37
20180216,21720.25,23.48
20180219,22149.21,22.21
20180220,21925.1,23.84
20180221,21970.81,22.96
20180222,21736.44,25.01
20180223,21892.78,22.08
20180226,22153.63,20.72
20180227,22389.86,21.03
20180228,22068.24,22.09
20180301,21724.47,24.59
20180302,21181.64,26.88
20180305,21042.09,28.39
20180306,21417.76,25.62
20180307,21252.72,27.39
20180308,21368.07,25.09
20180309,21469.2,24.34
20180312,21824.03,22.37
20180313,21968.1,21.28
20180314,21777.29,21.15
20180315,21803.95,21.08
20180316,21676.51,21.79
20180319,21480.9,21.91
20180320,21380.97,22.02
20180322,21591.99,20.64
20180323,20617.86,27
20180326,20766.1,25.41
20180327,21317.32,22.82
20180328,21031.31,24.11
20180329,21159.08,23.8
20180330,21454.3,22.55
20180402,21388.58,22.82
20180403,21292.29,22.98
20180404,21319.55,22.25
20180405,21645.42,21.63
20180406,21567.52,22.86
20180409,21678.26,21.24
20180410,21794.32,20.96
20180411,21687.1,20.89
20180412,21660.28,19.82
20180413,21778.74,18.46
20180416,21835.53,17.92
20180417,21847.59,16.94
20180418,22158.2,17.03
20180419,22191.18,16.89
20180420,22162.24,16
20180423,22088.04,16.32
20180424,22278.12,16.1
20180425,22215.32,16.43
20180426,22319.61,16.94
20180427,22467.87,16.14
20180501,22508.03,15.93
20180502,22472.78,15.17
20180507,22467.16,15.42
20180508,22508.69,14.86
20180509,22408.88,14.95
20180510,22497.18,14.77
20180511,22758.48,15.19
20180514,22865.86,14.56
20180515,22818.02,14.4
20180516,22717.23,15.2
20180517,22838.37,14.5
20180518,22930.36,14.48
20180521,23002.37,14.56
20180522,22960.34,14.21
20180523,22689.74,16.18
20180524,22437.01,16.96
20180525,22450.79,15.76
20180528,22481.09,14.95
20180529,22358.43,15.99
20180530,22018.52,18.89
20180531,22201.82,17.09
20180601,22171.35,16.39
20180604,22475.94,15
20180605,22539.54,14.59
20180606,22625.73,14.36
20180607,22823.26,14.68
20180608,22694.5,16.05
20180611,22804.04,15.39
20180612,22878.35,15.28
20180613,22966.38,14.55
20180614,22738.61,15.69
20180615,22851.75,15
20180618,22680.33,16.24
20180619,22278.48,19.79
20180620,22555.43,17.34
20180621,22693.04,16.67
20180622,22516.83,17.55
20180625,22338.15,18.65
20180626,22342,18.53
20180627,22271.77,18.8
20180628,22270.39,19.84
20180629,22304.51,19.4
20180702,21811.93,23.01
20180703,21785.54,21.11
20180704,21717.04,19.99
20180705,21546.99,20.55
20180706,21788.14,18.17
20180709,22052.18,16.64
20180710,22196.89,16.11
20180711,21932.21,17.7
20180712,22187.96,16.84
20180713,22597.35,16.19
20180717,22697.36,16.39
20180718,22794.19,15.83
20180719,22764.68,15.78
20180720,22697.88,16.38
20180723,22396.99,18.19
20180724,22510.48,16.66
20180725,22614.25,16.21
20180726,22586.87,16.39
20180727,22712.75,16.01
20180730,22544.84,16.94
20180731,22553.72,15.68
20180801,22746.7,14.63
20180802,22512.53,16.26
20180803,22525.18,15.73
20180806,22507.32,15.58
20180807,22662.74,14.6
20180808,22644.31,14.6
20180809,22598.39,14.32
20180810,22298.08,16.19
20180813,21857.43,18.94
20180814,22356.08,15.98
20180815,22204.22,17.11
20180816,22192.04,17.72
20180817,22270.38,17.24
20180820,22199,17.02
20180821,22219.73,15.87
20180822,22362.55,15.46
20180823,22410.82,14.89
20180824,22601.77,14.55
20180827,22799.64,14.9
20180828,22813.47,14.69
20180829,22848.22,14.48
20180830,22869.5,14.97
20180831,22865.15,15.08
20180903,22707.38,15.57
20180904,22696.9,15.28
20180905,22580.83,16.47
20180906,22487.94,16.92
20180907,22307.06,17.17
20180910,22373.09,16.69
20180911,22664.69,16.13
20180912,22604.61,16.31
20180913,22821.32,16.44
20180914,23094.67,16.38
20180918,23420.54,17.04
20180919,23672.52,16.58
20180920,23674.93,16.1
20180921,23869.93,16.17
20180925,23940.26,16.48
20180926,24033.79,16.44
20180927,23796.74,16.33
